date,ticker,open,high,low,close,adjClose,volume,return,relative_trading_day,film,event_stage,announced_event_date
2021-08-16,SONY,19.996000289916992,20.18400001525879,19.881999969482422,20.049999237060547,19.558435440063477,3944000,-0.01657840642064279,-5,Spider-Man: No Way Home,Official teaser trailer,2021-08-23
2021-08-17,SONY,19.738000869750977,19.851999282836914,19.607999801635742,19.695999145507812,19.21311378479004,3877500,-0.01765589360824238,-4,Spider-Man: No Way Home,Official teaser trailer,2021-08-23
2021-08-18,SONY,19.833999633789062,19.874000549316406,19.65999984741211,19.66200065612793,19.179948806762695,1808500,-0.001726163619225507,-3,Spider-Man: No Way Home,Official teaser trailer,2021-08-23
2021-08-19,SONY,19.29599952697754,19.398000717163086,19.124000549316406,19.32200050354004,18.848283767700195,2707000,-0.017292279682496248,-2,Spider-Man: No Way Home,Official teaser trailer,2021-08-23
2021-08-20,SONY,19.360000610351562,19.56800079345703,19.360000610351562,19.527999877929688,19.049230575561523,2095000,0.010661278784739325,-1,Spider-Man: No Way Home,Official teaser trailer,2021-08-23
2021-08-23,SONY,19.979999542236328,20.29199981689453,19.923999786376953,20.263999938964844,19.767189025878906,2713500,0.03768962990234681,0,Spider-Man: No Way Home,Official teaser trailer,2021-08-23
2021-08-24,SONY,20.600000381469727,20.908000946044922,20.506000518798828,20.82200050354004,20.31151008605957,3168000,0.02753659407354525,1,Spider-Man: No Way Home,Official teaser trailer,2021-08-23
2021-08-25,SONY,20.84000015258789,21.079999923706055,20.823999404907227,21.06999969482422,20.553424835205078,2041500,0.011910229624509272,2,Spider-Man: No Way Home,Official teaser trailer,2021-08-23
2021-08-26,SONY,20.624000549316406,20.624000549316406,20.29400062561035,20.329999923706055,19.831571578979492,2922500,-0.03512082594571564,3,Spider-Man: No Way Home,Official teaser trailer,2021-08-23
2021-08-27,SONY,20.52199935913086,20.70400047302246,20.440000534057617,20.649999618530273,20.143722534179688,2015500,0.01574010178452334,4,Spider-Man: No Way Home,Official teaser trailer,2021-08-23
2021-08-30,SONY,20.549999237060547,20.559999465942383,20.469999313354492,20.492000579833984,19.989599227905273,1961000,-0.007651182943614221,5,Spider-Man: No Way Home,Official teaser trailer,2021-08-23
2021-08-16,SPY,444.5299987792969,447.1099853515625,442.8699951171875,446.9700012207031,417.7519226074219,73740000,0.0023549554381010473,-5,Spider-Man: No Way Home,Official teaser trailer,2021-08-23
2021-08-17,SPY,444.239990234375,444.9599914550781,440.8500061035156,444.0400085449219,415.0134582519531,92673900,-0.006555240580046862,-4,Spider-Man: No Way Home,Official teaser trailer,2021-08-23
2021-08-18,SPY,442.9599914550781,444.6300048828125,438.9200134277344,439.17999267578125,410.4710693359375,89351900,-0.01094516051394645,-3,Spider-Man: No Way Home,Official teaser trailer,2021-08-23
2021-08-19,SPY,436.2699890136719,441.1400146484375,436.1199951171875,439.8599853515625,411.1066589355469,92812200,0.0015484394567384374,-2,Spider-Man: No Way Home,Official teaser trailer,2021-08-23
2021-08-20,SPY,440.2300109863281,443.7099914550781,439.7099914550781,443.3599853515625,414.37786865234375,72008700,0.007957082780577718,-1,Spider-Man: No Way Home,Official teaser trailer,2021-08-23
2021-08-23,SPY,445.1600036621094,448.2300109863281,443.44000244140625,447.260009765625,418.02294921875,54973000,0.008796513622363333,0,Spider-Man: No Way Home,Official teaser trailer,2021-08-23
2021-08-24,SPY,447.9700012207031,448.5400085449219,447.4200134277344,447.9700012207031,418.68658447265625,38744700,0.0015875569873533557,1,Spider-Man: No Way Home,Official teaser trailer,2021-08-23
2021-08-25,SPY,448.1700134277344,449.4599914550781,447.7699890136719,448.9100036621094,419.56512451171875,40529700,0.0020983238337313193,2,Spider-Man: No Way Home,Official teaser trailer,2021-08-23
2021-08-26,SPY,448.6099853515625,448.8599853515625,446.1600036621094,446.260009765625,417.08837890625,57829600,-0.0059031255477945965,3,Spider-Man: No Way Home,Official teaser trailer,2021-08-23
2021-08-27,SPY,447.1199951171875,450.6499938964844,447.05999755859375,450.25,420.8175048828125,77235100,0.008940853222383138,4,Spider-Man: No Way Home,Official teaser trailer,2021-08-23
2021-08-30,SPY,450.9700012207031,453.07000732421875,450.7099914550781,452.2300109863281,422.6680603027344,48357400,0.004397524814081066,5,Spider-Man: No Way Home,Official teaser trailer,2021-08-23
2021-11-09,SONY,24.753999710083008,24.753999710083008,24.3439998626709,24.493999481201172,23.948272705078125,2623500,-0.007134186424478051,-5,Spider-Man: No Way Home,Official trailer,2021-11-16
2021-11-10,SONY,24.368000030517578,24.57200050354004,24.243999481201172,24.290000915527344,23.748815536499023,3997500,-0.008328666164587606,-4,Spider-Man: No Way Home,Official trailer,2021-11-16
2021-11-11,SONY,24.416000366210938,24.417999267578125,24.163999557495117,24.200000762939453,23.66082191467285,2122000,-0.0037051793884598228,-3,Spider-Man: No Way Home,Official trailer,2021-11-16
2021-11-12,SONY,24.45400047302246,24.63800048828125,24.378000259399414,24.579999923706055,24.032358169555664,2293500,0.015702592928625636,-2,Spider-Man: No Way Home,Official trailer,2021-11-16
2021-11-15,SONY,24.700000762939453,24.790000915527344,24.554000854492188,24.59000015258789,24.042133331298828,1546000,0.00040675000240075754,-1,Spider-Man: No Way Home,Official trailer,2021-11-16
2021-11-16,SONY,24.8799991607666,25.086000442504883,24.841999053955078,25.016000747680664,24.458642959594727,2567000,0.01732415433174861,0,Spider-Man: No Way Home,Official trailer,2021-11-16
2021-11-17,SONY,24.854000091552734,24.920000076293945,24.718000411987305,24.84600067138672,24.292428970336914,1579500,-0.006795715916553258,1,Spider-Man: No Way Home,Official trailer,2021-11-16
2021-11-18,SONY,25.06999969482422,25.077999114990234,24.802000045776367,25.031999588012695,24.474281311035156,2974000,0.007485967785284098,2,Spider-Man: No Way Home,Official trailer,2021-11-16
2021-11-19,SONY,25.06800079345703,25.152000427246094,24.974000930786133,25.04800033569336,24.48992919921875,1759000,0.0006393604774224126,3,Spider-Man: No Way Home,Official trailer,2021-11-16
2021-11-22,SONY,25.04400062561035,25.04400062561035,24.468000411987305,24.479999542236328,23.93458366394043,2337500,-0.022676485944926106,4,Spider-Man: No Way Home,Official trailer,2021-11-16
2021-11-23,SONY,24.393999099731445,24.54199981689453,24.04599952697754,24.356000900268555,23.813343048095703,3755500,-0.0050654992602768845,5,Spider-Man: No Way Home,Official trailer,2021-11-16
2021-11-09,SPY,469.32000732421875,469.57000732421875,465.8800048828125,467.3800048828125,438.2271423339844,51149100,-0.003305442670285208,-5,Spider-Man: No Way Home,Official trailer,2021-11-16
2021-11-10,SPY,465.5799865722656,467.3800048828125,462.0400085449219,463.6199951171875,434.7017517089844,69429700,-0.008044665162052489,-4,Spider-Man: No Way Home,Official trailer,2021-11-16
2021-11-11,SPY,465.2099914550781,465.2900085449219,463.75,463.7699890136719,434.84234619140625,34848500,0.0003234274577204044,-3,Spider-Man: No Way Home,Official trailer,2021-11-16
2021-11-12,SPY,465.1199951171875,467.8599853515625,464.1099853515625,467.2699890136719,438.1239929199219,53466700,0.007546750580430306,-2,Spider-Man: No Way Home,Official trailer,2021-11-16
2021-11-15,SPY,468.6400146484375,468.80999755859375,466.2300109863281,467.42999267578125,438.27398681640625,46980500,0.0003423549015992844,-1,Spider-Man: No Way Home,Official trailer,2021-11-16
2021-11-16,SPY,467.1499938964844,470.489990234375,467.07000732421875,469.2799987792969,440.0086669921875,48857500,0.003957981144128153,0,Spider-Man: No Way Home,Official trailer,2021-11-16
2021-11-17,SPY,469.0,469.19000244140625,467.4800109863281,468.1400146484375,438.9397277832031,47858300,-0.002429359440329737,1,Spider-Man: No Way Home,Official trailer,2021-11-16
2021-11-18,SPY,469.239990234375,470.010009765625,466.3399963378906,469.7300109863281,440.4306335449219,50625600,0.003396607022217779,2,Spider-Man: No Way Home,Official trailer,2021-11-16
2021-11-19,SPY,469.6099853515625,470.94000244140625,468.5,468.8900146484375,439.6429443359375,57315600,-0.0017884523668221242,3,Spider-Man: No Way Home,Official trailer,2021-11-16
2021-11-22,SPY,470.8900146484375,473.5400085449219,467.3500061035156,467.57000732421875,438.4053039550781,72762000,-0.0028151034761373372,4,Spider-Man: No Way Home,Official trailer,2021-11-16
2021-11-23,SPY,467.2200012207031,469.1000061035156,464.45001220703125,468.19000244140625,438.98663330078125,73206500,0.0013260089247522089,5,Spider-Man: No Way Home,Official trailer,2021-11-16
2021-12-10,SONY,24.559999465942383,24.670000076293945,24.444000244140625,24.652000427246094,24.102752685546875,2009000,0.0033375020018262536,-5,Spider-Man: No Way Home,US theatrical release,2021-12-17
2021-12-13,SONY,24.503999710083008,24.56399917602539,24.107999801635742,24.118000030517578,23.580646514892578,2444500,-0.021661682276123417,-4,Spider-Man: No Way Home,US theatrical release,2021-12-17
2021-12-14,SONY,24.1200008392334,24.20599937438965,23.895999908447266,24.121999740600586,23.584556579589844,1742500,0.00016581668762971624,-3,Spider-Man: No Way Home,US theatrical release,2021-12-17
2021-12-15,SONY,24.47800064086914,24.799999237060547,24.24799919128418,24.770000457763672,24.218122482299805,4096500,0.026863591883607985,-2,Spider-Man: No Way Home,US theatrical release,2021-12-17
2021-12-16,SONY,24.72800064086914,24.802000045776367,24.31599998474121,24.441999435424805,23.897428512573242,3902000,-0.013241900562727227,-1,Spider-Man: No Way Home,US theatrical release,2021-12-17
2021-12-17,SONY,24.280000686645508,24.527999877929688,24.18199920654297,24.22599983215332,23.686243057250977,3053500,-0.00883716234201326,0,Spider-Man: No Way Home,US theatrical release,2021-12-17
2021-12-20,SONY,23.72800064086914,23.899999618530273,23.54800033569336,23.790000915527344,23.259958267211914,2563000,-0.017997146656340113,1,Spider-Man: No Way Home,US theatrical release,2021-12-17
2021-12-21,SONY,23.959999084472656,24.238000869750977,23.802000045776367,24.110000610351562,23.57282829284668,4182500,0.013451014057742183,2,Spider-Man: No Way Home,US theatrical release,2021-12-17
2021-12-22,SONY,24.302000045776367,24.715999603271484,24.302000045776367,24.6200008392334,24.07146453857422,3333000,0.02115300885973248,3,Spider-Man: No Way Home,US theatrical release,2021-12-17
2021-12-23,SONY,24.75,24.854000091552734,24.621999740600586,24.77199935913086,24.220075607299805,2572000,0.006173744372198087,4,Spider-Man: No Way Home,US theatrical release,2021-12-17
2021-12-27,SONY,25.016000747680664,25.479999542236328,24.947999954223633,25.441999435424805,24.87514877319336,2741000,0.02704670193911851,5,Spider-Man: No Way Home,US theatrical release,2021-12-17
2021-12-10,SPY,469.2300109863281,470.8999938964844,466.510009765625,470.739990234375,441.37750244140625,77159800,0.009413336597762445,-5,Spider-Man: No Way Home,US theatrical release,2021-12-17
2021-12-13,SPY,470.19000244140625,470.55999755859375,466.2699890136719,466.57000732421875,437.4676818847656,87724700,-0.008858223482198557,-4,Spider-Man: No Way Home,US theatrical release,2021-12-17
2021-12-14,SPY,463.0899963378906,465.739990234375,460.25,463.3599853515625,434.4578857421875,97264100,-0.006880042268747388,-3,Spider-Man: No Way Home,US theatrical release,2021-12-17
2021-12-15,SPY,463.4200134277344,470.8599853515625,460.739990234375,470.6000061035156,441.246337890625,116899300,0.01562510975451792,-2,Spider-Man: No Way Home,US theatrical release,2021-12-17
2021-12-16,SPY,472.57000732421875,472.8699951171875,464.79998779296875,466.45001220703125,437.3551330566406,116568600,-0.008818667714243777,-1,Spider-Man: No Way Home,US theatrical release,2021-12-17
2021-12-17,SPY,461.54998779296875,464.739990234375,458.05999755859375,459.8699951171875,432.700439453125,135511600,-0.010642823764258402,0,Spider-Man: No Way Home,US theatrical release,2021-12-17
2021-12-20,SPY,454.4800109863281,455.3999938964844,451.1400146484375,454.9800109863281,428.0994567871094,107134800,-0.010633182327779989,1,Spider-Man: No Way Home,US theatrical release,2021-12-17
2021-12-21,SPY,458.6099853515625,463.2099914550781,456.30999755859375,463.05999755859375,435.7020263671875,69806300,0.017758886304447774,2,Spider-Man: No Way Home,US theatrical release,2021-12-17
2021-12-22,SPY,462.7900085449219,467.80999755859375,462.5799865722656,467.69000244140625,440.0584716796875,58890200,0.009998680402804938,3,Spider-Man: No Way Home,US theatrical release,2021-12-17
2021-12-23,SPY,468.75,472.19000244140625,468.6400146484375,470.6000061035156,442.7965393066406,56439700,0.006222054120449183,4,Spider-Man: No Way Home,US theatrical release,2021-12-17
2021-12-27,SPY,472.05999755859375,477.30999755859375,472.010009765625,477.260009765625,449.0630187988281,56808600,0.014152051644305885,5,Spider-Man: No Way Home,US theatrical release,2021-12-17
2023-03-28,MAT,16.889999389648438,17.100000381469727,16.760000228881836,17.079999923706055,17.079999923706055,1964500,0.008859989121466016,-5,Barbie,Teaser trailer 2,2023-04-04
2023-03-29,MAT,17.25,17.6299991607666,17.15999984741211,17.549999237060547,17.549999237060547,2116100,0.027517524323999565,-4,Barbie,Teaser trailer 2,2023-04-04
2023-03-30,MAT,17.719999313354492,17.969999313354492,17.65999984741211,17.84000015258789,17.84000015258789,3141400,0.016524269409365244,-3,Barbie,Teaser trailer 2,2023-04-04
2023-03-31,MAT,17.93000030517578,18.440000534057617,17.889999389648438,18.40999984741211,18.40999984741211,3032200,0.03195065526619589,-2,Barbie,Teaser trailer 2,2023-04-04
2023-04-03,MAT,18.3799991607666,18.40999984741211,17.979999542236328,18.09000015258789,18.09000015258789,1785200,-0.017381841253475083,-1,Barbie,Teaser trailer 2,2023-04-04
2023-04-04,MAT,18.149999618530273,18.15999984741211,17.860000610351562,18.040000915527344,18.040000915527344,1819000,-0.002763915789873228,0,Barbie,Teaser trailer 2,2023-04-04
2023-04-05,MAT,17.969999313354492,18.0,17.59000015258789,17.639999389648438,17.639999389648438,2203200,-0.02217303246002711,1,Barbie,Teaser trailer 2,2023-04-04
2023-04-06,MAT,17.639999389648438,17.690000534057617,17.459999084472656,17.530000686645508,17.530000686645508,1810000,-0.0062357543542478355,2,Barbie,Teaser trailer 2,2023-04-04
2023-04-10,MAT,17.450000762939453,17.81999969482422,17.40999984741211,17.729999542236328,17.729999542236328,2489200,0.011408947390582957,3,Barbie,Teaser trailer 2,2023-04-04
2023-04-11,MAT,17.829999923706055,17.93000030517578,17.729999542236328,17.799999237060547,17.799999237060547,2060700,0.003948093436633604,4,Barbie,Teaser trailer 2,2023-04-04
2023-04-12,MAT,17.989999771118164,17.989999771118164,17.40999984741211,17.43000030517578,17.43000030517578,2036400,-0.02078645773840304,5,Barbie,Teaser trailer 2,2023-04-04
2023-03-28,SPY,395.7699890136719,396.489990234375,393.69000244140625,395.6000061035156,379.7099914550781,62871700,-0.0022446881714187628,-5,Barbie,Teaser trailer 2,2023-04-04
2023-03-29,SPY,399.92999267578125,401.6000061035156,398.67999267578125,401.3500061035156,385.2290344238281,77497900,0.0145348900290998,-4,Barbie,Teaser trailer 2,2023-04-04
2023-03-30,SPY,404.0899963378906,404.3500061035156,401.760009765625,403.70001220703125,387.48468017578125,69840000,0.005855336826640745,-3,Barbie,Teaser trailer 2,2023-04-04
2023-03-31,SPY,404.6600036621094,409.70001220703125,404.54998779296875,409.3900146484375,392.9461669921875,112062600,0.01409471676126306,-2,Barbie,Teaser trailer 2,2023-04-04
2023-04-03,SPY,408.8500061035156,411.3699951171875,408.44000244140625,410.95001220703125,394.44342041015625,67391100,0.0038103270721012716,-1,Barbie,Teaser trailer 2,2023-04-04
2023-04-04,SPY,411.6199951171875,411.9200134277344,407.239990234375,408.6700134277344,392.2550354003906,66601500,-0.005548032738104891,0,Barbie,Teaser trailer 2,2023-04-04
2023-04-05,SPY,407.9100036621094,408.70001220703125,405.8800048828125,407.6000061035156,391.22802734375,65200200,-0.002618215099756016,1,Barbie,Teaser trailer 2,2023-04-04
2023-04-06,SPY,406.7699890136719,409.4800109863281,405.67999267578125,409.19000244140625,392.7541198730469,63743300,0.003900775053511163,2,Barbie,Teaser trailer 2,2023-04-04
2023-04-10,SPY,406.6099853515625,409.69000244140625,405.9700012207031,409.6099853515625,393.1572570800781,63681000,0.0010264366091476962,3,Barbie,Teaser trailer 2,2023-04-04
2023-04-11,SPY,410.260009765625,411.17999267578125,408.9200134277344,409.7200012207031,393.2628173828125,59297900,0.0002684938426886774,4,Barbie,Teaser trailer 2,2023-04-04
2023-04-12,SPY,411.8699951171875,412.1700134277344,407.44000244140625,408.04998779296875,391.6599426269531,86420400,-0.004075836018585743,5,Barbie,Teaser trailer 2,2023-04-04
2023-05-18,MAT,18.940000534057617,19.030000686645508,18.760000228881836,19.010000228881836,19.010000228881836,1449900,0.004226092045237939,-5,Barbie,Main trailer,2023-05-25
2023-05-19,MAT,19.010000228881836,19.100000381469727,18.389999389648438,18.549999237060547,18.549999237060547,1932700,-0.024197842518823953,-4,Barbie,Main trailer,2023-05-25
2023-05-22,MAT,18.579999923706055,18.579999923706055,18.309999465942383,18.399999618530273,18.399999618530273,1696700,-0.00808623313744361,-3,Barbie,Main trailer,2023-05-25
2023-05-23,MAT,18.270000457763672,18.469999313354492,18.040000915527344,18.09000015258789,18.09000015258789,2287300,-0.01684779741137543,-2,Barbie,Main trailer,2023-05-25
2023-05-24,MAT,18.0,18.270000457763672,17.979999542236328,18.25,18.25,3132400,0.00884465705154902,-1,Barbie,Main trailer,2023-05-25
2023-05-25,MAT,18.149999618530273,18.299999237060547,17.850000381469727,17.860000610351562,17.860000610351562,1761200,-0.0213698295697774,0,Barbie,Main trailer,2023-05-25
2023-05-26,MAT,17.829999923706055,18.100000381469727,17.760000228881836,17.90999984741211,17.90999984741211,1654300,0.002799509258222921,1,Barbie,Main trailer,2023-05-25
2023-05-30,MAT,18.030000686645508,18.040000915527344,17.75,17.850000381469727,17.850000381469727,1538300,-0.003350053961672872,2,Barbie,Main trailer,2023-05-25
2023-05-31,MAT,17.739999771118164,17.81999969482422,17.389999389648438,17.40999984741211,17.40999984741211,2323600,-0.02464988933638268,3,Barbie,Main trailer,2023-05-25
2023-06-01,MAT,17.389999389648438,17.530000686645508,17.260000228881836,17.530000686645508,17.530000686645508,1617600,0.006892638729760536,4,Barbie,Main trailer,2023-05-25
2023-06-02,MAT,17.809999465942383,18.110000610351562,17.75,18.079999923706055,18.079999923706055,1573500,0.031374741330132405,5,Barbie,Main trailer,2023-05-25
2023-05-18,SPY,414.8999938964844,419.6700134277344,414.6700134277344,419.2300109863281,402.3908996582031,97177200,0.0096332720942236,-5,Barbie,Main trailer,2023-05-25
2023-05-19,SPY,420.1700134277344,420.7200012207031,417.3500061035156,418.6199951171875,401.8053283691406,103793300,-0.0014552299506770394,-4,Barbie,Main trailer,2023-05-25
2023-05-22,SPY,418.6400146484375,420.3900146484375,417.3500061035156,418.7900085449219,401.9686279296875,60745400,0.0004064146217515052,-3,Barbie,Main trailer,2023-05-25
2023-05-23,SPY,417.0799865722656,418.7200012207031,413.67999267578125,414.0899963378906,397.45733642578125,86383500,-0.01122299401110316,-2,Barbie,Main trailer,2023-05-25
2023-05-24,SPY,412.4200134277344,412.82000732421875,409.8800048828125,411.0899963378906,394.5778503417969,89213700,-0.007244767727471735,-1,Barbie,Main trailer,2023-05-25
2023-05-25,SPY,414.739990234375,416.1600036621094,412.4100036621094,414.6499938964844,397.994873046875,90961600,0.008659945564907456,0,Barbie,Main trailer,2023-05-25
2023-05-26,SPY,415.3299865722656,420.7699890136719,415.25,420.0199890136719,403.14910888671875,93830000,0.012950508131889249,1,Barbie,Main trailer,2023-05-25
2023-05-30,SPY,422.0299987792969,422.5799865722656,418.739990234375,420.17999267578125,403.302734375,72216000,0.0003810636930476896,2,Barbie,Main trailer,2023-05-25
2023-05-31,SPY,418.2799987792969,419.2200012207031,416.2200012207031,417.8500061035156,401.0663146972656,110811800,-0.005545262868599576,3,Barbie,Main trailer,2023-05-25
2023-06-01,SPY,418.0899963378906,422.9200134277344,416.7900085449219,421.82000732421875,404.8768615722656,88865000,0.009501039442507908,4,Barbie,Main trailer,2023-05-25
2023-06-02,SPY,424.5,428.739990234375,423.95001220703125,427.9200134277344,410.7319030761719,91426200,0.014461289492240237,5,Barbie,Main trailer,2023-05-25
2023-07-14,MAT,22.06999969482422,22.06999969482422,21.200000762939453,21.440000534057617,21.440000534057617,4210700,-0.01741517718062746,-5,Barbie,US theatrical release,2023-07-21
2023-07-17,MAT,21.510000228881836,21.6299991607666,21.260000228881836,21.489999771118164,21.489999771118164,3954200,0.002332053909286147,-4,Barbie,US theatrical release,2023-07-21
2023-07-18,MAT,21.559999465942383,21.760000228881836,20.809999465942383,20.8700008392334,20.8700008392334,5719600,-0.028850578803543026,-3,Barbie,US theatrical release,2023-07-21
2023-07-19,MAT,20.950000762939453,21.229999542236328,20.729999542236328,21.040000915527344,21.040000915527344,6302100,0.008145666960126086,-2,Barbie,US theatrical release,2023-07-21
2023-07-20,MAT,21.079999923706055,21.34000015258789,20.790000915527344,21.270000457763672,21.270000457763672,5150200,0.01093153670286151,-1,Barbie,US theatrical release,2023-07-21
2023-07-21,MAT,21.549999237060547,21.59000015258789,21.09000015258789,21.18000030517578,21.18000030517578,7096900,-0.004231318789419181,0,Barbie,US theatrical release,2023-07-21
2023-07-24,MAT,21.649999618530273,21.760000228881836,21.290000915527344,21.56999969482422,21.56999969482422,7556300,0.0184135686510416,1,Barbie,US theatrical release,2023-07-21
2023-07-25,MAT,21.6299991607666,21.780000686645508,21.110000610351562,21.170000076293945,21.170000076293945,4683200,-0.01854425703243079,2,Barbie,US theatrical release,2023-07-21
2023-07-26,MAT,20.84000015258789,21.34000015258789,20.700000762939453,21.31999969482422,21.31999969482422,5455400,0.007085480301827873,3,Barbie,US theatrical release,2023-07-21
2023-07-27,MAT,21.559999465942383,22.639999389648438,21.139999389648438,21.239999771118164,21.239999771118164,7686300,-0.0037523416909558405,4,Barbie,US theatrical release,2023-07-21
2023-07-28,MAT,21.440000534057617,21.5,20.600000381469727,20.729999542236328,20.729999542236328,4823600,-0.024011310469754688,5,Barbie,US theatrical release,2023-07-21
2023-07-14,SPY,450.4800109863281,451.3599853515625,448.489990234375,449.2799987792969,432.8357238769531,69815800,-0.0006228860891427379,-5,Barbie,US theatrical release,2023-07-21
2023-07-17,SPY,449.1300048828125,451.92999267578125,449.0799865722656,450.8399963378906,434.338623046875,52680200,0.0034722161018971853,-4,Barbie,US theatrical release,2023-07-21
2023-07-18,SPY,450.5,454.8599853515625,450.04998779296875,454.19000244140625,437.56597900390625,80668200,0.007430506489133792,-3,Barbie,US theatrical release,2023-07-21
2023-07-19,SPY,455.010009765625,456.42999267578125,454.1099853515625,455.20001220703125,438.5390930175781,65891700,0.0022239252144033994,-2,Barbie,US theatrical release,2023-07-21
2023-07-20,SPY,454.1700134277344,455.1000061035156,451.44000244140625,452.17999267578125,435.6296081542969,70591600,-0.006634493730675484,-1,Barbie,US theatrical release,2023-07-21
2023-07-21,SPY,453.9599914550781,454.1700134277344,452.1700134277344,452.17999267578125,435.6296081542969,71275600,0.0,0,Barbie,US theatrical release,2023-07-21
2023-07-24,SPY,453.3699951171875,455.0400085449219,452.29998779296875,454.20001220703125,437.5756530761719,54023400,0.004467200772050761,1,Barbie,US theatrical release,2023-07-21
2023-07-25,SPY,453.9200134277344,456.739990234375,453.8699951171875,455.44000244140625,438.770263671875,55191200,0.0027300664177838385,2,Barbie,US theatrical release,2023-07-21
2023-07-26,SPY,454.4700012207031,456.989990234375,453.3800048828125,455.510009765625,438.837646484375,71052900,0.000153571967106636,3,Barbie,US theatrical release,2023-07-21
2023-07-27,SPY,459.0199890136719,459.44000244140625,451.54998779296875,452.489990234375,435.92822265625,92194400,-0.006629841016223326,4,Barbie,US theatrical release,2023-07-21
2023-07-28,SPY,455.8800048828125,457.7799987792969,452.489990234375,456.9200134277344,440.1961975097656,80011800,0.009790544937672285,5,Barbie,US theatrical release,2023-07-21
